{
  "project_info": {
    "project_number": "315079726225",
    "firebase_url": "https://doomcovid19.firebaseio.com",
    "project_id": "doomcovid19",
    "storage_bucket": "doomcovid19.appspot.com"
  },
  "client": [
    {
      "client_info": {
        "mobilesdk_app_id": "1:315079726225:android:9ad49a38e4e53c9ff91b30",
        "android_client_info": {
          "package_name": "com.amanmulani.doom_covid"
        }
      },
      "oauth_client": [
        {
          "client_id": "315079726225-ispj6nf97ed9ho6oh5o3hfunpkkilrej.apps.googleusercontent.com",
          "client_type": 3
        }
      ],
      "api_key": [
        {
          "current_key": "AIzaSyCMs8UyRgGvLOo-mTfaoyqIioklgLkjpAc"
        }
      ],
      "services": {
        "appinvite_service": {
          "other_platform_oauth_client": [
            {
              "client_id": "315079726225-ispj6nf97ed9ho6oh5o3hfunpkkilrej.apps.googleusercontent.com",
              "client_type": 3
            }
          ]
        }
      }
    }
  ],
  "configuration_version": "1"
}